abcdef0,Passw0rd$
abcdef1,Passw0rd$
abcdef2,Passw0rd$
abcdef3,Passw0rd$
abcdef4,Passw0rd$
abcdef5,Passw0rd$
abcdef6,Passw0rd$
abcdef7,Passw0rd$
abcdef8,Passw0rd$
abcdef9,Passw0rd$
dcbaef0,Passw0rd$
dcbaef1,Passw0rd$
dcbaef2,Passw0rd$
dcbaef3,Passw0rd$
dcbaef4,Passw0rd$
dcbaef5,Passw0rd$
dcbaef6,Passw0rd$
dcbaef7,Passw0rd$
dcbaef8,Passw0rd$
dcbaef9,Passw0rd$
dcbfea0,Passw0rd$
dcbfea1,Passw0rd$
dcbfea2,Passw0rd$
dcbfea3,Passw0rd$
dcbfea4,Passw0rd$
dcbfea5,Passw0rd$
dcbfea6,Passw0rd$
dcbfea7,Passw0rd$
dcbfea8,Passw0rd$
dcbfea9,Passw0rd$
bbcdef0,Passw0rd$
bbcdef1,Passw0rd$
bbcdef2,Passw0rd$
bbcdef3,Passw0rd$
bbcdef4,Passw0rd$
bbcdef5,Passw0rd$
bbcdef6,Passw0rd$
bbcdef7,Passw0rd$
bbcdef8,Passw0rd$
bbcdef9,Passw0rd$
cbcdef0,Passw0rd$
cbcdef1,Passw0rd$
cbcdef2,Passw0rd$
cbcdef3,Passw0rd$
cbcdef4,Passw0rd$
cbcdef5,Passw0rd$
cbcdef6,Passw0rd$
cbcdef7,Passw0rd$
cbcdef8,Passw0rd$
cbcdef9,Passw0rd$
dbcdef0,Passw0rd$
dbcdef1,Passw0rd$
dbcdef2,Passw0rd$
dbcdef3,Passw0rd$
dbcdef4,Passw0rd$
dbcdef5,Passw0rd$
dbcdef6,Passw0rd$
dbcdef7,Passw0rd$
dbcdef8,Passw0rd$
dbcdef9,Passw0rd$        
ebcdef0,Passw0rd$
ebcdef1,Passw0rd$
ebcdef2,Passw0rd$
ebcdef3,Passw0rd$
ebcdef4,Passw0rd$
ebcdef5,Passw0rd$
ebcdef6,Passw0rd$
ebcdef7,Passw0rd$
ebcdef8,Passw0rd$
ebcdef9,Passw0rd$
abcdef0,Passw0rd$
abcdef1,Passw0rd$
abcdef2,Passw0rd$
abcdef3,Passw0rd$
abcdef4,Passw0rd$
abcdef5,Passw0rd$
abcdef6,Passw0rd$
abcdef7,Passw0rd$
abcdef8,Passw0rd$
abcdef9,Passw0rd$
dcbaef0,Passw0rd$
dcbaef1,Passw0rd$
dcbaef2,Passw0rd$
dcbaef3,Passw0rd$
dcbaef4,Passw0rd$
dcbaef5,Passw0rd$
dcbaef6,Passw0rd$
dcbaef7,Passw0rd$
dcbaef8,Passw0rd$
dcbaef9,Passw0rd$
dcbfea0,Passw0rd$
dcbfea1,Passw0rd$
dcbfea2,Passw0rd$
dcbfea3,Passw0rd$
dcbfea4,Passw0rd$
dcbfea5,Passw0rd$
dcbfea6,Passw0rd$
dcbfea7,Passw0rd$
dcbfea8,Passw0rd$
dcbfea9,Passw0rd$
bbcdef0,Passw0rd$
bbcdef1,Passw0rd$
bbcdef2,Passw0rd$
bbcdef3,Passw0rd$
bbcdef4,Passw0rd$
bbcdef5,Passw0rd$
bbcdef6,Passw0rd$
bbcdef7,Passw0rd$
bbcdef8,Passw0rd$
bbcdef9,Passw0rd$
cbcdef0,Passw0rd$
cbcdef1,Passw0rd$
cbcdef2,Passw0rd$
cbcdef3,Passw0rd$
cbcdef4,Passw0rd$
cbcdef5,Passw0rd$
cbcdef6,Passw0rd$
cbcdef7,Passw0rd$
cbcdef8,Passw0rd$
cbcdef9,Passw0rd$
dbcdef0,Passw0rd$
dbcdef1,Passw0rd$
dbcdef2,Passw0rd$
dbcdef3,Passw0rd$
dbcdef4,Passw0rd$
dbcdef5,Passw0rd$
dbcdef6,Passw0rd$
dbcdef7,Passw0rd$
dbcdef8,Passw0rd$
dbcdef9,Passw0rd$        
ebcdef0,Passw0rd$
ebcdef1,Passw0rd$
ebcdef2,Passw0rd$
ebcdef3,Passw0rd$
ebcdef4,Passw0rd$
ebcdef5,Passw0rd$
ebcdef6,Passw0rd$
ebcdef7,Passw0rd$
ebcdef8,Passw0rd$
ebcdef9,Passw0rd$
fbcdef0,Passw0rd$
fbcdef1,Passw0rd$
fbcdef2,Passw0rd$
fbcdef3,Passw0rd$
fbcdef4,Passw0rd$
fbcdef5,Passw0rd$
fbcdef6,Passw0rd$
fbcdef7,Passw0rd$
fbcdef8,Passw0rd$
fbcdef9,Passw0rd$
fcbaef0,Passw0rd$
fcbaef1,Passw0rd$
fcbaef2,Passw0rd$
fcbaef3,Passw0rd$
fcbaef4,Passw0rd$
fcbaef5,Passw0rd$
fcbaef6,Passw0rd$
fcbaef7,Passw0rd$
fcbaef8,Passw0rd$
fcbaef9,Passw0rd$
fcbfea0,Passw0rd$
fcbfea1,Passw0rd$
fcbfea2,Passw0rd$
fcbfea3,Passw0rd$
fcbfea4,Passw0rd$
fcbfea5,Passw0rd$
fcbfea6,Passw0rd$
fcbfea7,Passw0rd$
fcbfea8,Passw0rd$
fcbfea9,Passw0rd$
fbcdef0,Passw0rd$
fbcdef1,Passw0rd$
fbcdef2,Passw0rd$
fbcdef3,Passw0rd$
fbcdef4,Passw0rd$
fbcdef5,Passw0rd$
fbcdef6,Passw0rd$
fbcdef7,Passw0rd$
fbcdef8,Passw0rd$
fbcdef9,Passw0rd$
fbcdef0,Passw0rd$
fbcdef1,Passw0rd$
fbcdef2,Passw0rd$
fbcdef3,Passw0rd$
fbcdef4,Passw0rd$
fbcdef5,Passw0rd$
fbcdef6,Passw0rd$
fbcdef7,Passw0rd$
fbcdef8,Passw0rd$
fbcdef9,Passw0rd$
fbcdef0,Passw0rd$
fbcdef1,Passw0rd$
fbcdef2,Passw0rd$
fbcdef3,Passw0rd$
fbcdef4,Passw0rd$
fbcdef5,Passw0rd$
fbcdef6,Passw0rd$
fbcdef7,Passw0rd$
fbcdef8,Passw0rd$
fbcdef9,Passw0rd$        
fbcdef0,Passw0rd$
fbcdef1,Passw0rd$
fbcdef2,Passw0rd$
fbcdef3,Passw0rd$
fbcdef4,Passw0rd$
fbcdef5,Passw0rd$
fbcdef6,Passw0rd$
fbcdef7,Passw0rd$
fbcdef8,Passw0rd$
fbcdef9,Passw0rd$
hbcdef0,Passw0rd$
hbcdef1,Passw0rd$
hbcdef2,Passw0rd$
hbcdef3,Passw0rd$
hbcdef4,Passw0rd$
hbcdef5,Passw0rd$
hbcdef6,Passw0rd$
hbcdef7,Passw0rd$
hbcdef8,Passw0rd$
hbcdef9,Passw0rd$
hcbaef0,Passw0rd$
hcbaef1,Passw0rd$
hcbaef2,Passw0rd$
hcbaef3,Passw0rd$
hcbaef4,Passw0rd$
hcbaef5,Passw0rd$
hcbaef6,Passw0rd$
hcbaef7,Passw0rd$
hcbaef8,Passw0rd$
hcbaef9,Passw0rd$
hcbfea0,Passw0rd$
hcbfea1,Passw0rd$
hcbfea2,Passw0rd$
hcbfea3,Passw0rd$
hcbfea4,Passw0rd$
hcbfea5,Passw0rd$
hcbfea6,Passw0rd$
hcbfea7,Passw0rd$
hcbfea8,Passw0rd$
hcbfea9,Passw0rd$
hbcdef0,Passw0rd$
hbcdef1,Passw0rd$
hbcdef2,Passw0rd$
hbcdef3,Passw0rd$
hbcdef4,Passw0rd$
hbcdef5,Passw0rd$
hbcdef6,Passw0rd$
hbcdef7,Passw0rd$
hbcdef8,Passw0rd$
hbcdef9,Passw0rd$
hbcdef0,Passw0rd$
hbcdef1,Passw0rd$
hbcdef2,Passw0rd$
hbcdef3,Passw0rd$
hbcdef4,Passw0rd$
hbcdef5,Passw0rd$
hbcdef6,Passw0rd$
hbcdef7,Passw0rd$
hbcdef8,Passw0rd$
hbcdef9,Passw0rd$
hbcdef0,Passw0rd$
hbcdef1,Passw0rd$
hbcdef2,Passw0rd$
hbcdef3,Passw0rd$
hbcdef4,Passw0rd$
hbcdef5,Passw0rd$
hbcdef6,Passw0rd$
hbcdef7,Passw0rd$
hbcdef8,Passw0rd$
hbcdef9,Passw0rd$        
hbcdef0,Passw0rd$
hbcdef1,Passw0rd$
hbcdef2,Passw0rd$
hbcdef3,Passw0rd$
hbcdef4,Passw0rd$
hbcdef5,Passw0rd$
hbcdef6,Passw0rd$
hbcdef7,Passw0rd$
hbcdef8,Passw0rd$
hbcdef9,Passw0rd$
ibcdef0,Passw0rd$
ibcdef1,Passw0rd$
ibcdef2,Passw0rd$
ibcdef3,Passw0rd$
ibcdef4,Passw0rd$
ibcdef5,Passw0rd$
ibcdef6,Passw0rd$
ibcdef7,Passw0rd$
ibcdef8,Passw0rd$
ibcdef9,Passw0rd$
icbaef0,Passw0rd$
icbaef1,Passw0rd$
icbaef2,Passw0rd$
icbaef3,Passw0rd$
icbaef4,Passw0rd$
icbaef5,Passw0rd$
icbaef6,Passw0rd$
icbaef7,Passw0rd$
icbaef8,Passw0rd$
icbaef9,Passw0rd$
icbfea0,Passw0rd$
icbfea1,Passw0rd$
icbfea2,Passw0rd$
icbfea3,Passw0rd$
icbfea4,Passw0rd$
icbfea5,Passw0rd$
icbfea6,Passw0rd$
icbfea7,Passw0rd$
icbfea8,Passw0rd$
icbfea9,Passw0rd$
ibcdef0,Passw0rd$
ibcdef1,Passw0rd$
ibcdef2,Passw0rd$
ibcdef3,Passw0rd$
ibcdef4,Passw0rd$
ibcdef5,Passw0rd$
ibcdef6,Passw0rd$
ibcdef7,Passw0rd$
ibcdef8,Passw0rd$
ibcdef9,Passw0rd$
ibcdef0,Passw0rd$
ibcdef1,Passw0rd$
ibcdef2,Passw0rd$
ibcdef3,Passw0rd$
ibcdef4,Passw0rd$
ibcdef5,Passw0rd$
ibcdef6,Passw0rd$
ibcdef7,Passw0rd$
ibcdef8,Passw0rd$
ibcdef9,Passw0rd$
ibcdef0,Passw0rd$
ibcdef1,Passw0rd$
ibcdef2,Passw0rd$
ibcdef3,Passw0rd$
ibcdef4,Passw0rd$
ibcdef5,Passw0rd$
ibcdef6,Passw0rd$
ibcdef7,Passw0rd$
ibcdef8,Passw0rd$
ibcdef9,Passw0rd$        
ibcdef0,Passw0rd$
ibcdef1,Passw0rd$
ibcdef2,Passw0rd$
ibcdef3,Passw0rd$
ibcdef4,Passw0rd$
ibcdef5,Passw0rd$
ibcdef6,Passw0rd$
ibcdef7,Passw0rd$
ibcdef8,Passw0rd$
ibcdef9,Passw0rd$
jbcdef0,Passw0rd$
jbcdef1,Passw0rd$
jbcdef2,Passw0rd$
jbcdef3,Passw0rd$
jbcdef4,Passw0rd$
jbcdef5,Passw0rd$
jbcdef6,Passw0rd$
jbcdef7,Passw0rd$
jbcdef8,Passw0rd$
jbcdef9,Passw0rd$
jcbaef0,Passw0rd$
jcbaef1,Passw0rd$
jcbaef2,Passw0rd$
jcbaef3,Passw0rd$
jcbaef4,Passw0rd$
jcbaef5,Passw0rd$
jcbaef6,Passw0rd$
jcbaef7,Passw0rd$
jcbaef8,Passw0rd$
jcbaef9,Passw0rd$
jcbfea0,Passw0rd$
jcbfea1,Passw0rd$
jcbfea2,Passw0rd$
jcbfea3,Passw0rd$
jcbfea4,Passw0rd$
jcbfea5,Passw0rd$
jcbfea6,Passw0rd$
jcbfea7,Passw0rd$
jcbfea8,Passw0rd$
jcbfea9,Passw0rd$
jbcdef0,Passw0rd$
jbcdef1,Passw0rd$
jbcdef2,Passw0rd$
jbcdef3,Passw0rd$
jbcdef4,Passw0rd$
jbcdef5,Passw0rd$
jbcdef6,Passw0rd$
jbcdef7,Passw0rd$
jbcdef8,Passw0rd$
jbcdef9,Passw0rd$
jbcdef0,Passw0rd$
jbcdef1,Passw0rd$
jbcdef2,Passw0rd$
jbcdef3,Passw0rd$
jbcdef4,Passw0rd$
jbcdef5,Passw0rd$
jbcdef6,Passw0rd$
jbcdef7,Passw0rd$
jbcdef8,Passw0rd$
jbcdef9,Passw0rd$
jbcdef0,Passw0rd$
jbcdef1,Passw0rd$
jbcdef2,Passw0rd$
jbcdef3,Passw0rd$
jbcdef4,Passw0rd$
jbcdef5,Passw0rd$
jbcdef6,Passw0rd$
jbcdef7,Passw0rd$
jbcdef8,Passw0rd$
jbcdef9,Passw0rd$        
jbcdef0,Passw0rd$
jbcdef1,Passw0rd$
jbcdef2,Passw0rd$
jbcdef3,Passw0rd$
jbcdef4,Passw0rd$
jbcdef5,Passw0rd$
jbcdef6,Passw0rd$
jbcdef7,Passw0rd$
jbcdef8,Passw0rd$
jbcdef9,Passw0rd$